customer_id,customer_name,email,registration_date,customer_type
CUST00001,Aryan Maharaj,aryan.maharaj1@example.com,2025-01-20,PREMIUM
CUST00002,Udant Dewan,udant.dewan2@example.com,2025-04-19,PREMIUM
CUST00003,Gagan Sami,gagan.sami3@example.com,2026-02-28,REGULAR
CUST00004,Ayushman Chander,ayushman.chander4@example.com,2025-01-24,REGULAR
CUST00005,Viraj Tiwari,viraj.tiwari5@example.com,2026-04-13,REGULAR
CUST00006,Rushil Saini,rushil.saini6@example.com,2026-05-20,PREMIUM
CUST00007,Saumya Mall,saumya.mall7@example.com,2025-12-15,REGULAR
CUST00008,Nathaniel Sami,nathaniel.sami8@example.com,2025-01-06,PREMIUM
CUST00009,Arunima Dugal,arunima.dugal9@example.com,2025-11-25,REGULAR
CUST00010,Gayathri Chaudry,gayathri.chaudry10@example.com,2025-09-19,REGULAR
CUST00011,Lajita Chatterjee,lajita.chatterjee11@example.com,2025-10-06,PREMIUM
CUST00012,Hemangini Lalla,hemangini.lalla12@example.com,2025-02-03,PREMIUM
CUST00013,Tripti Yadav,tripti.yadav13@example.com,2025-10-22,REGULAR
CUST00014,Kritika Brar,kritika.brar14@example.com,2026-05-04,REGULAR
CUST00015,Janaki Handa,janaki.handa15@example.com,2026-03-25,REGULAR
CUST00016,Chakradev Kari,chakradev.kari16@example.com,2026-05-29,REGULAR
CUST00017,Fariq Kaul,fariq.kaul17@example.com,2025-03-03,PREMIUM
CUST00018,Lajita Mall,lajita.mall18@example.com,2025-10-23,REGULAR
CUST00019,Janya Gaba,janya.gaba19@example.com,2025-10-11,REGULAR
CUST00020,Isha Kadakia,isha.kadakia20@example.com,2026-06-05,REGULAR
CUST00021,Ekbal Garg,ekbal.garg21@example.com,2026-05-19,REGULAR
CUST00022,Nihal Shere,nihal.shere22@example.com,2026-02-19,PREMIUM
CUST00023,Anamika Kanda,anamika.kanda23@example.com,2025-10-22,REGULAR
CUST00024,Daksh Karnik,daksh.karnik24@example.com,2026-06-19,REGULAR
CUST00025,Diya Rattan,diya.rattan25@example.com,2025-02-13,REGULAR
CUST00026,Dominic Kakar,dominic.kakar26@example.com,2025-09-03,REGULAR
CUST00027,Simon Tata,simon.tata27@example.com,2026-03-17,PREMIUM
CUST00028,Tara Dhar,tara.dhar28@example.com,2026-05-25,REGULAR
CUST00029,Liam Koshy,liam.koshy29@example.com,2026-05-15,REGULAR
CUST00030,Priya Rastogi,priya.rastogi30@example.com,2025-07-11,PREMIUM
CUST00031,Theodore Devi,theodore.devi31@example.com,2026-03-31,REGULAR
CUST00032,Gavin Batta,gavin.batta32@example.com,2025-10-09,REGULAR
CUST00033,Michael Dutta,michael.dutta33@example.com,2026-01-31,REGULAR
CUST00034,Devansh Rajan,devansh.rajan34@example.com,2025-03-27,REGULAR
CUST00035,Upadhriti Wadhwa,upadhriti.wadhwa35@example.com,2026-06-13,REGULAR
CUST00036,Advay Contractor,advay.contractor36@example.com,2025-10-24,REGULAR
CUST00037,Harini Choudhury,harini.choudhury37@example.com,2025-07-15,VIP
CUST00038,Radhika Dugar,radhika.dugar38@example.com,2025-01-09,REGULAR
CUST00039,Aarush Lall,aarush.lall39@example.com,2026-02-22,PREMIUM
CUST00040,Yashica Cherian,yashica.cherian40@example.com,2025-09-22,REGULAR
CUST00041,Yashica Issac,yashica.issac41@example.com,2025-12-19,REGULAR
CUST00042,Kashvi Edwin,kashvi.edwin42@example.com,2025-07-24,VIP
CUST00043,Ekiya Suresh,ekiya.suresh43@example.com,2026-01-30,PREMIUM
CUST00044,Isaac Patil,isaac.patil44@example.com,2025-08-20,PREMIUM
CUST00045,Wriddhish Bhardwaj,wriddhish.bhardwaj45@example.com,2025-06-04,REGULAR
CUST00046,Farhan Chada,farhan.chada46@example.com,2026-02-23,VIP
CUST00047,Ekapad Walia,ekapad.walia47@example.com,2025-01-01,REGULAR
CUST00048,Kabir Soman,kabir.soman48@example.com,2025-03-28,PREMIUM
CUST00049,Alka Wable,alka.wable49@example.com,2025-08-27,REGULAR
CUST00050,Siddharth Zacharia,siddharth.zacharia50@example.com,2026-03-17,PREMIUM
CUST00051,Devika Rastogi,devika.rastogi51@example.com,2026-01-13,PREMIUM
CUST00052,Raksha Varughese,raksha.varughese52@example.com,2026-02-18,PREMIUM
CUST00053,Jai Kota,jai.kota53@example.com,2026-01-05,PREMIUM
CUST00054,Devansh Nigam,devansh.nigam54@example.com,2026-02-14,PREMIUM
CUST00055,Victor Kannan,victor.kannan55@example.com,2025-06-14,PREMIUM
CUST00056,Ekavir Bhargava,ekavir.bhargava56@example.com,2026-06-20,REGULAR
CUST00057,Ekansh Balay,ekansh.balay57@example.com,2026-06-06,REGULAR
CUST00058,Ekavir Varkey,ekavir.varkey58@example.com,2026-02-07,REGULAR
CUST00059,Arya Sunder,arya.sunder59@example.com,2025-02-19,REGULAR
CUST00060,Kevin Solanki,kevin.solanki60@example.com,2025-06-28,REGULAR
CUST00061,Urvashi Ray,urvashi.ray,2025-06-27,REGULAR
CUST00062,Girindra Chatterjee,girindra.chatterjee62@example.com,2025-09-14,REGULAR
CUST00063,Irya Sampath,irya.sampath63@example.com,2026-06-04,REGULAR
CUST00064,Unni Bhagat,unni.bhagat64@example.com,2026-03-20,REGULAR
CUST00065,Darsh Rau,darsh.rau65@example.com,2026-01-03,PREMIUM
CUST00066,Ikbal Kothari,ikbal.kothari66@example.com,2025-03-17,REGULAR
CUST00067,Ranveer Yadav,ranveer.yadav67@example.com,2025-11-16,REGULAR
CUST00068,Logan Sami,logan.sami68@example.com,2026-06-08,REGULAR
CUST00069,Arya Shere,arya.shere69@example.com,2025-02-17,REGULAR
CUST00070,Faqid Savant,faqid.savant70@example.com,2025-03-26,REGULAR
CUST00071,Chandresh Zachariah,chandresh.zachariah71@example.com,2025-12-15,REGULAR
CUST00072,Girik Khalsa,girik.khalsa72@example.com,2025-12-26,REGULAR
CUST00073,Niharika Sunder,niharika.sunder73@example.com,2025-12-11,PREMIUM
CUST00074,Tanay Rattan,tanay.rattan74@example.com,2025-03-18,REGULAR
CUST00075,Nitesh Raghavan,nitesh.raghavan75@example.com,2025-01-12,VIP
CUST00076,Madhavi Lanka,madhavi.lanka76@example.com,2025-07-03,REGULAR
CUST00077,Bhavika Sampath,bhavika.sampath77@example.com,2025-06-16,PREMIUM
CUST00078,Mohammed Gupta,mohammed.gupta78@example.com,2025-05-08,REGULAR
CUST00079,Teerth Bhardwaj,teerth.bhardwaj79@example.com,2025-07-25,PREMIUM
CUST00080,Dipta Bhandari,dipta.bhandari80@example.com,2025-08-10,REGULAR
CUST00081,Vansha Thakkar,vansha.thakkar81@example.com,2026-03-08,REGULAR
CUST00082,Dakshesh Trivedi,dakshesh.trivedi82@example.com,2025-05-28,REGULAR
CUST00083,Quincy Biswas,quincy.biswas83@example.com,2026-03-26,PREMIUM
CUST00084,Wahab Raval,wahab.raval84@example.com,2025-09-01,REGULAR
CUST00085,Yatin Baral,yatin.baral85@example.com,2026-01-26,PREMIUM
CUST00086,Oni Virk,oni.virk86@example.com,2025-02-14,VIP
CUST00087,Advika Jayaraman,advika.jayaraman87@example.com,2025-05-25,REGULAR
CUST00088,William Lanka,william.lanka88@example.com,2025-07-02,REGULAR
CUST00089,Karan Mital,karan.mital89@example.com,2026-03-19,REGULAR
CUST00090,Diya Bora,diya.bora90@example.com,2026-04-27,REGULAR
CUST00091,Tara Chaudhry,tara.chaudhry91@example.com,2026-03-16,REGULAR
CUST00092,Tanay Toor,tanay.toor92@example.com,2025-06-08,REGULAR
CUST00093,Kevin Palla,kevin.palla93@example.com,2025-07-26,REGULAR
CUST00094,Yash Pingle,yash.pingle94@example.com,2025-08-22,REGULAR
CUST00095,Nakul Sarma,nakul.sarma95@example.com,2025-02-26,REGULAR
CUST00096,Abhiram Mistry,abhiram.mistry96@example.com,2026-03-14,VIP
CUST00097,Krish Lalla,krish.lalla97@example.com,2025-06-15,REGULAR
CUST00098,Hredhaan Dugal,hredhaan.dugal98@example.com,2025-09-29,PREMIUM
CUST00099,Baghyawati Kade,baghyawati.kade99@example.com,2025-10-15,REGULAR
CUST00100,Samar Lalla,samar.lalla100@example.com,2026-02-26,PREMIUM
CUST00101,Zayan Behl,zayan.behl101@example.com,2026-05-23,REGULAR
CUST00102,Pallavi Malhotra,pallavi.malhotra102@example.com,2026-03-07,REGULAR
CUST00103,Aarush Nath,aarush.nath103@example.com,2025-04-15,REGULAR
CUST00104,Adweta Edwin,adweta.edwin104@example.com,2026-03-06,REGULAR
CUST00105,Prisha Andra,prisha.andra105@example.com,2025-06-13,PREMIUM
CUST00106,Faqid Dixit,faqid.dixit106@example.com,2026-05-08,PREMIUM
CUST00107,Kala Divan,kala.divan107@example.com,2025-07-15,PREMIUM
CUST00108,Joshua Barman,joshua.barman108@example.com,2025-03-13,REGULAR
CUST00109,Janya Baral,janya.baral109@example.com,2025-02-04,REGULAR
CUST00110,Shivansh Krish,shivansh.krish110@example.com,2026-05-10,VIP
CUST00111,Irya Ray,irya.ray111@example.com,2025-12-10,REGULAR
CUST00112,Warjas Gaba,warjas.gaba112@example.com,2025-01-08,REGULAR
CUST00113,Nitara Bakshi,nitara.bakshi113@example.com,2026-06-21,PREMIUM
CUST00114,Gaurangi Sabharwal,gaurangi.sabharwal114@example.com,2025-10-14,REGULAR
CUST00115,Amara Dutta,amara.dutta115@example.com,2025-04-09,REGULAR
CUST00116,Lavanya Barad,lavanya.barad116@example.com,2025-01-31,PREMIUM
CUST00117,Tristan Iyengar,tristan.iyengar117@example.com,2025-07-13,REGULAR
CUST00118,Inaya Mody,inaya.mody118@example.com,2026-03-11,PREMIUM
CUST00119,Udant Bajwa,udant.bajwa119@example.com,2026-04-28,PREMIUM
CUST00120,Mohini Narasimhan,mohini.narasimhan120@example.com,2025-07-03,PREMIUM
CUST00121,Ekaraj Mallick,ekaraj.mallick121@example.com,2025-05-18,PREMIUM
CUST00122,Yashodhara Ratta,yashodhara.ratta122@example.com,2025-09-16,PREMIUM
CUST00123,Ayaan D’Alia,ayaan.d’alia123@example.com,2026-06-05,PREMIUM
CUST00124,Pranav Lanka,pranav.lanka124@example.com,2025-07-27,REGULAR
CUST00125,Ikbal Saraf,ikbal.saraf125@example.com,2025-10-25,PREMIUM
CUST00126,Dipta Sarin,dipta.sarin126@example.com,2025-06-22,REGULAR
CUST00127,Lekha Gupta,lekha.gupta127@example.com,2025-09-29,REGULAR
CUST00128,Chaitanya Sarin,chaitanya.sarin128@example.com,2025-06-26,REGULAR
CUST00129,Zinal Yohannan,zinal.yohannan129@example.com,2025-11-06,REGULAR
CUST00130,Januja Sankar,januja.sankar130@example.com,2025-08-05,REGULAR
CUST00131,Ganga Murthy,ganga.murthy131@example.com,2026-06-12,VIP
CUST00132,Charita Tripathi,charita.tripathi132@example.com,2025-01-22,REGULAR
CUST00133,Nilima Narain,nilima.narain133@example.com,2025-05-19,REGULAR
CUST00134,Chakrika Datta,chakrika.datta134@example.com,2025-01-30,REGULAR
CUST00135,Osha Raghavan,osha.raghavan135@example.com,2025-09-01,REGULAR
CUST00136,Charvi Ravi,charvi.ravi136@example.com,2025-03-31,REGULAR
CUST00137,Daksha Mangat,daksha.mangat137@example.com,2025-07-17,REGULAR
CUST00138,Qushi Nagy,qushi.nagy138@example.com,2026-02-08,PREMIUM
CUST00139,Riya Sathe,riya.sathe139@example.com,2026-06-05,REGULAR
CUST00140,Yasti Solanki,yasti.solanki140@example.com,2026-05-31,PREMIUM
CUST00141,Frado Mander,frado.mander141@example.com,2026-05-31,PREMIUM
CUST00142,Girik Keer,girik.keer142@example.com,2025-08-22,REGULAR
CUST00143,Umang Issac,umang.issac143@example.com,2025-09-11,REGULAR
CUST00144,Aryan Batra,aryan.batra144@example.com,2025-04-09,REGULAR
CUST00145,Vaishnavi Bora,vaishnavi.bora145@example.com,2025-10-22,REGULAR
CUST00146,Oeshi Hayer,oeshi.hayer146@example.com,2026-04-24,REGULAR
CUST00147,Warda Ratta,warda.ratta147@example.com,2025-01-01,REGULAR
CUST00148,Manbir Ahluwalia,manbir.ahluwalia148@example.com,2026-03-27,REGULAR
CUST00149,Pavani Kanda,pavani.kanda149@example.com,2025-12-10,REGULAR
CUST00150,Zarna Shetty,zarna.shetty150@example.com,2026-01-03,PREMIUM
CUST00151,Zaid Dara,zaid.dara151@example.com,2025-05-12,REGULAR
CUST00152,Kiaan Shetty,kiaan.shetty152@example.com,2026-05-31,REGULAR
CUST00153,Saanvi Thaman,saanvi.thaman153@example.com,2025-07-02,REGULAR
CUST00154,Sanaya Dutt,sanaya.dutt154@example.com,2025-06-04,REGULAR
CUST00155,Shivani Lad,shivani.lad155@example.com,2026-01-05,REGULAR
CUST00156,Aradhana Verma,aradhana.verma156@example.com,2025-12-20,REGULAR
CUST00157,William Maharaj,william.maharaj157@example.com,2025-06-01,PREMIUM
CUST00158,Faras Mangal,faras.mangal158@example.com,2025-11-07,REGULAR
CUST00159,Anita Nayak,anita.nayak159@example.com,2025-01-05,PREMIUM
CUST00160,Faris Devi,faris.devi160@example.com,2025-03-24,PREMIUM
CUST00161,Vihaan Rajagopal,vihaan.rajagopal161@example.com,2026-06-25,REGULAR
CUST00162,Tanish Bhatt,tanish.bhatt162@example.com,2025-07-13,PREMIUM
CUST00163,Nikita Narayanan,nikita.narayanan163@example.com,2025-04-14,PREMIUM
CUST00164,Ojasvi Bhatia,ojasvi.bhatia164@example.com,2026-03-11,REGULAR
CUST00165,Osha Ramachandran,osha.ramachandran165@example.com,2025-12-10,REGULAR
CUST00166,Lajita Sood,lajita.sood166@example.com,2026-01-28,REGULAR
CUST00167,Indira Misra,indira.misra167@example.com,2025-12-13,PREMIUM
CUST00168,Oni Yohannan,oni.yohannan168@example.com,2026-01-04,REGULAR
CUST00169,Vinaya Kanda,vinaya.kanda169@example.com,2026-05-11,REGULAR
CUST00170,Rajata Sunder,rajata.sunder170@example.com,2026-01-12,REGULAR
CUST00171,Lopa Nayar,lopa.nayar171@example.com,2025-03-02,PREMIUM
CUST00172,Noah Sibal,noah.sibal172@example.com,2025-09-18,REGULAR
CUST00173,Avi Ramesh,avi.ramesh173@example.com,2025-04-18,REGULAR
CUST00174,Fiyaz Sangha,fiyaz.sangha174@example.com,2025-04-29,PREMIUM
CUST00175,Triya Gopal,triya.gopal175@example.com,2025-11-13,REGULAR
CUST00176,Abha Raghavan,abha.raghavan176@example.com,2025-02-18,REGULAR
CUST00177,Siddharth Sha,siddharth.sha177@example.com,2026-03-30,PREMIUM
CUST00178,Geetika Raghavan,@gmail.com,2026-01-06,REGULAR
CUST00179,Oviya Krishnan,oviya.krishnan179@example.com,2025-10-30,PREMIUM
CUST00180,Upma Bahl,upma.bahl180@example.com,2025-11-22,REGULAR
CUST00181,Inaya Kapur,inaya.kapur181@example.com,2026-04-14,PREMIUM
CUST00182,Banjeet Balasubramanian,banjeet.balasubramanian182@example.com,2025-07-31,REGULAR
CUST00183,Ryan Bahri,ryan.bahri183@example.com,2025-09-19,REGULAR
CUST00184,William Date,william.date184@example.com,2025-05-09,PREMIUM
CUST00185,Ishwar Kamdar,ishwar.kamdar185@example.com,2026-04-29,REGULAR
CUST00186,Aahana Pillay,aahana.pillay186@example.com,2026-04-05,REGULAR
CUST00187,Ishwar Gade,ishwar.gade187@example.com,2026-05-15,REGULAR
CUST00188,Hritik Bal,hritik.bal188@example.com,2025-05-22,REGULAR
CUST00189,Keya Ranganathan,keya.ranganathan189@example.com,2025-06-14,REGULAR
CUST00190,Faqid Kibe,faqid.kibe190@example.com,2025-10-22,REGULAR
CUST00191,Charvi Dara,charvi.dara191@example.com,2025-11-24,REGULAR
CUST00192,Idika Walia,idika.walia192@example.com,2025-01-16,PREMIUM
CUST00193,Kamala Biswas,kamala.biswas193@example.com,2025-09-29,REGULAR
CUST00194,Advik Salvi,advik.salvi194@example.com,2026-05-22,REGULAR
CUST00195,Hitesh Sant,hitesh.sant195@example.com,2025-07-12,REGULAR
CUST00196,Tripti Dua,tripti.dua196@example.com,2025-04-29,REGULAR
CUST00197,Patrick Vig,patrick.vig197@example.com,2025-03-30,REGULAR
CUST00198,Veda Shroff,veda.shroff198@example.com,2026-06-28,REGULAR
CUST00199,Amrita Naidu,amrita.naidu199@example.com,2026-04-16,REGULAR
CUST00200,Gabriel Mallick,gabriel.mallick200@example.com,2025-03-30,PREMIUM
CUST00201,Yagnesh Shetty,yagnesh.shetty201@example.com,2025-08-30,REGULAR
CUST00202,Gayathri Balakrishnan,gayathri.balakrishnan202@example.com,2025-08-31,REGULAR
CUST00203,Ekta Gopal,ekta.gopal203@example.com,2025-10-19,REGULAR
CUST00204,Simon Pant,simon.pant204@example.com,2025-03-01,REGULAR
CUST00205,Harini Mammen,harini.mammen205@example.com,2025-07-08,REGULAR
CUST00206,Advaith Varughese,advaith.varughese206@example.com,2026-06-16,REGULAR
CUST00207,Frederick Khurana,frederick.khurana207@example.com,2026-03-16,PREMIUM
CUST00208,Vrinda Khosla,vrinda.khosla208@example.com,2025-11-29,REGULAR
CUST00209,Vritti Sem,vritti.sem209@example.com,2026-05-18,REGULAR
CUST00210,Girik Menon,girik.menon210@example.com,2026-01-16,REGULAR
CUST00211,Nidhi Kohli,nidhi.kohli211@example.com,2026-05-09,PREMIUM
CUST00212,Jyoti Solanki,jyoti.solanki212@example.com,2025-04-29,REGULAR
CUST00213,Pavani Narayanan,pavani.narayanan213@example.com,2026-05-21,REGULAR
CUST00214,Sudiksha Madan,sudiksha.madan214@example.com,2026-02-23,PREMIUM
CUST00215,Zayan Kashyap,zayan.kashyap215@example.com,2026-04-06,REGULAR
CUST00216,Reyansh Mutti,reyansh.mutti216@example.com,2025-03-09,REGULAR
CUST00217,Qasim Handa,qasim.handa217@example.com,2025-12-27,REGULAR
CUST00218,Veda Malhotra,veda.malhotra218@example.com,2025-09-19,REGULAR
CUST00219,Harish Hari,harish.hari219@example.com,2025-05-22,REGULAR
CUST00220,Utkarsh Patel,utkarsh.patel220@example.com,2025-07-20,REGULAR
CUST00221,Chasmum Atwal,chasmum.atwal221@example.com,2026-06-29,PREMIUM
CUST00222,Anusha Bath,anusha.bath222@example.com,2026-02-06,PREMIUM
CUST00223,Brinda Date,brinda.date223@example.com,2025-11-12,REGULAR
CUST00224,Harshil Arora,harshil.arora224@example.com,2026-06-21,REGULAR
CUST00225,Upasna Srinivas,upasna.srinivas225@example.com,2025-12-15,PREMIUM
CUST00226,Harini Gour,harini.gour226@example.com,2025-06-22,REGULAR
CUST00227,Zayyan Sridhar,zayyan.sridhar227@example.com,2026-05-31,REGULAR
CUST00228,Dhruv Rattan,dhruv.rattan228@example.com,2026-02-17,REGULAR
CUST00229,Ethan Bera,ethan.bera229@example.com,2026-03-04,REGULAR
CUST00230,Manthan Modi,manthan.modi230@example.com,2025-07-30,REGULAR
CUST00231,Yuvraj Dani,yuvraj.dani231@example.com,2025-05-30,REGULAR
CUST00232,Upkaar Virk,upkaar.virk232@example.com,2026-06-21,REGULAR
CUST00233,Shravya Savant,shravya.savant233@example.com,2026-01-12,REGULAR
CUST00234,Pushti Mody,pushti.mody234@example.com,2026-02-12,REGULAR
CUST00235,Hardik Johal,hardik.johal235@example.com,2025-05-31,REGULAR
CUST00236,Aishani Bumb,aishani.bumb236@example.com,2025-08-23,REGULAR
CUST00237,Wriddhish Ghose,wriddhish.ghose237@example.com,2025-08-02,REGULAR
CUST00238,Naksh Agate,naksh.agate238@example.com,2025-08-15,REGULAR
CUST00239,Shravya Singhal,shravya.singhal239@example.com,2026-01-17,REGULAR
CUST00240,Bachittar Kata,bachittar.katagmail.com,2025-12-31,REGULAR
CUST00241,Barkha Setty,barkha.setty241@example.com,2025-02-09,REGULAR
CUST00242,Vivaan Lalla,vivaan.lalla242@example.com,2025-03-30,PREMIUM
CUST00243,Pavani Contractor,pavani.contractor243@example.com,2025-02-27,REGULAR
CUST00244,Manthan Lata,manthan.lata244@example.com,2025-04-28,REGULAR
CUST00245,Ekbal Bhasin,ekbal.bhasin245@example.com,2025-08-24,REGULAR
CUST00246,Damyanti Mani,damyanti.mani246@example.com,2026-03-10,PREMIUM
CUST00247,Jeet Sidhu,jeet.sidhu247@example.com,2026-04-26,REGULAR
CUST00248,Neha Magar,neha.magar248@example.com,2025-12-16,PREMIUM
CUST00249,Raksha Buch,raksha.buch249@example.com,2026-04-03,VIP
CUST00250,Rachana Naidu,rachana.naidu250@example.com,2026-04-28,REGULAR
CUST00251,Atharv Chand,atharv.chand251@example.com,2025-03-19,PREMIUM
CUST00252,Ansh Luthra,ansh.luthra252@example.com,2025-06-13,REGULAR
CUST00253,Parth Singhal,parth.singhal253@example.com,2025-07-06,REGULAR
CUST00254,Arunima Golla,arunima.golla254@example.com,2025-01-03,REGULAR
CUST00255,Vyanjana Chand,vyanjana.chand255@example.com,2025-12-31,REGULAR
CUST00256,Ijaya Rege,ijaya.rege256@example.com,2025-08-08,PREMIUM
CUST00257,Ekani Cheema,ekani.cheema257@example.com,2026-06-18,REGULAR
CUST00258,Forum Sabharwal,forum.sabharwal258@example.com,2026-05-01,REGULAR
CUST00259,Bhavya Rattan,bhavya.rattan259@example.com,2025-06-03,REGULAR
CUST00260,Suhani Chakrabarti,suhani.chakrabarti260@example.com,2026-05-19,REGULAR
CUST00261,Zayyan Naik,zayyan.naik261@example.com,2025-04-21,REGULAR
CUST00262,Netra Varkey,netra.varkey262@example.com,2025-08-27,REGULAR
CUST00263,Turvi Sachdev,turvi.sachdev263@example.com,2025-08-13,REGULAR
CUST00264,Raghav Vasa,raghav.vasa264@example.com,2025-08-25,REGULAR
CUST00265,Wishi Sathe,wishi.sathe265@example.com,2026-01-24,REGULAR
CUST00266,Samar Loke,samar.loke266@example.com,2026-04-10,REGULAR
CUST00267,Bhavna Sarma,bhavna.sarma267@example.com,2025-09-08,REGULAR
CUST00268,Jairaj Balakrishnan,jairaj.balakrishnan268@example.com,2025-06-27,VIP
CUST00269,Nathan Mukhopadhyay,nathan.mukhopadhyay269@example.com,2026-03-23,REGULAR
CUST00270,Nikita Chander,nikita.chander270@example.com,2026-06-07,PREMIUM
CUST00271,Ishaan Shenoy,ishaan.shenoy271@example.com,2025-05-17,REGULAR
CUST00272,Mitesh Tara,mitesh.tara272@example.com,2025-08-05,REGULAR
CUST00273,Yashodhara Mahajan,yashodhara.mahajan273@example.com,2026-05-09,PREMIUM
CUST00274,Vasudha Sodhi,vasudha.sodhi274@example.com,2026-01-01,REGULAR
CUST00275,Tanmayi Dhillon,tanmayi.dhillon275@example.com,2026-06-05,REGULAR
CUST00276,Rayaan Trivedi,rayaan.trivedi276@example.com,2025-11-16,REGULAR
CUST00277,Ekaraj Majumdar,ekaraj.majumdar277@example.com,2025-11-08,PREMIUM
CUST00278,Harini Tripathi,harini.tripathi278@example.com,2025-12-20,REGULAR
CUST00279,Aarnav Mandal,aarnav.mandal279@example.com,2025-04-01,VIP
CUST00280,Vrishti Dixit,vrishti.dixit280@example.com,2026-02-04,PREMIUM
CUST00281,Veda Pai,@gmail.com,2025-11-17,REGULAR
CUST00282,Krishna Shah,krishna.shah282@example.com,2026-04-29,PREMIUM
CUST00283,Ranbir Khare,ranbir.khare283@example.com,2025-02-10,REGULAR
CUST00284,Vivaan Roy,vivaan.roy284@example.com,2025-08-12,REGULAR
CUST00285,Eesha Solanki,eesha.solanki285@example.com,2025-04-05,REGULAR
CUST00286,Libni Doshi,libni.doshi286@example.com,2025-07-05,PREMIUM
CUST00287,Balhaar Date,balhaar.date287@example.com,2025-01-11,REGULAR
CUST00288,Harish Sarraf,harish.sarraf288@example.com,2025-03-30,REGULAR
CUST00289,Tanmayi Aurora,tanmayi.aurora289@example.com,2025-04-30,REGULAR
CUST00290,Nimrat Dubey,nimrat.dubey290@example.com,2026-01-31,PREMIUM
CUST00291,Upasna Lanka,upasna.lanka291@example.com,2026-01-10,VIP
CUST00292,Mitali Buch,mitali.buch292@example.com,2026-03-05,REGULAR
CUST00293,Lajita Nadig,lajita.nadig293@example.com,2026-04-11,REGULAR
CUST00294,Balendra Biswas,balendra.biswas294@example.com,2025-02-24,REGULAR
CUST00295,Bhavna Karan,bhavna.karan295@example.com,2025-11-19,REGULAR
CUST00296,Radha Chaudhari,radha.chaudhari296@example.com,2025-07-27,PREMIUM
CUST00297,Sachi Ganesan,sachi.ganesan297@example.com,2025-08-20,PREMIUM
CUST00298,Ayush Batra,ayush.batra298@example.com,2026-05-28,REGULAR
CUST00299,Daksh Memon,daksh.memon299@example.com,2026-02-23,REGULAR
CUST00300,Kavya Sankar,kavya.sankar300@example.com,2026-02-27,REGULAR
CUST00301,Yash Wali,yash.wali301@example.com,2025-05-27,VIP
CUST00302,Pranit Garde,pranit.garde302@example.com,2025-10-25,REGULAR
CUST00303,Farhan Raja,farhan.raja303@example.com,2025-02-03,REGULAR
CUST00304,Widisha Dhar,widisha.dhar304@example.com,2025-10-24,REGULAR
CUST00305,Triya Kumar,triya.kumar305@example.com,2026-05-22,VIP
CUST00306,Aadhya Andra,aadhya.andra306@example.com,2025-01-29,REGULAR
CUST00307,Bhavna Dugar,bhavna.dugar307@example.com,2025-09-15,PREMIUM
CUST00308,Riya Pai,riya.pai308@example.com,2025-12-08,REGULAR
CUST00309,Panini Krishna,panini.krishna309@example.com,2025-01-12,PREMIUM
CUST00310,Chasmum Issac,chasmum.issac310@example.com,2026-05-24,VIP
CUST00311,Vasudha Chhabra,vasudha.chhabra311@example.com,2025-07-25,REGULAR
CUST00312,Lakshmi Parmer,lakshmi.parmer312@example.com,2026-05-20,REGULAR
CUST00313,Chakrika Bains,chakrika.bains313@example.com,2026-06-08,PREMIUM
CUST00314,Anvi Anand,anvi.anand314@example.com,2025-09-03,REGULAR
CUST00315,Watika Mangat,watika.mangat315@example.com,2026-01-15,PREMIUM
CUST00316,Indira Kanda,indira.kanda316@example.com,2025-02-23,REGULAR
CUST00317,Zashil Devan,zashil.devan317@example.com,2025-08-12,VIP
CUST00318,Balveer More,balveer.more318@example.com,2025-12-04,VIP
CUST00319,Bahadurjit Patla,bahadurjit.patla319@example.com,2026-07-01,PREMIUM
CUST00320,Gautam Merchant,gautam.merchant320@example.com,2026-06-24,REGULAR
CUST00321,Ojasvi Gill,ojasvi.gill321@example.com,2025-09-09,PREMIUM
CUST00322,Kevin Zacharia,kevin.zacharia322@example.com,2025-10-19,REGULAR
CUST00323,Yachana Mahajan,yachana.mahajan323@example.com,2025-11-17,REGULAR
CUST00324,Aarini Subramaniam,aarini.subramaniam324@example.com,2025-05-13,REGULAR
CUST00325,Hamsini Contractor,hamsini.contractor325@example.com,2025-10-25,REGULAR
CUST00326,Faqid Dhaliwal,faqid.dhaliwal326@example.com,2026-03-29,REGULAR
CUST00327,Mekhala Pau,mekhala.pau327@example.com,2025-07-17,REGULAR
CUST00328,Megha Atwal,megha.atwal328@example.com,2025-12-28,PREMIUM
CUST00329,Jatin Sha,jatin.sha329@example.com,2025-05-03,REGULAR
CUST00330,Adweta Raj,adweta.raj330@example.com,2026-04-02,REGULAR
CUST00331,Hritik Kaur,hritik.kaur331@example.com,2026-06-21,REGULAR
CUST00332,Aryan Narang,aryan.narang332@example.com,2025-06-04,VIP
CUST00333,Dev Shetty,dev.shetty333@example.com,2025-03-24,REGULAR
CUST00334,Nilima Dada,nilima.dada334@example.com,2026-03-23,REGULAR
CUST00335,Chakradev Barad,chakradev.barad335@example.com,2025-01-18,VIP
CUST00336,Waida D’Alia,waida.d’alia336@example.com,2025-08-02,REGULAR
CUST00337,Wahab Yogi,wahab.yogi337@example.com,2025-02-08,PREMIUM
CUST00338,Lipika Setty,lipika.setty338@example.com,2025-08-11,PREMIUM
CUST00339,Oni Dubey,oni.dubey339@example.com,2025-10-01,REGULAR
CUST00340,Hardik Suri,hardik.suri340@example.com,2025-07-14,REGULAR
CUST00341,Ati Bali,ati.bali341@example.com,2026-05-28,REGULAR
CUST00342,Teerth Sawhney,teerth.sawhney342@example.com,2025-03-17,PREMIUM
CUST00343,Warinder Patil,warinder.patil343@example.com,2025-08-28,PREMIUM
CUST00344,Jhalak Parmer,jhalak.parmer344@example.com,2025-10-11,PREMIUM
CUST00345,Mitali Majumdar,mitali.majumdar345@example.com,2025-08-18,REGULAR
CUST00346,Jason Sha,jason.sha346@example.com,2025-06-05,REGULAR
CUST00347,Simon Bail,simon.bail347@example.com,2025-10-12,REGULAR
CUST00348,Gauri Kohli,gauri.kohli348@example.com,2025-05-08,REGULAR
CUST00349,Samesh Biswas,samesh.biswas349@example.com,2026-01-10,VIP
CUST00350,Tarak Kaul,tarak.kaul350@example.com,2025-09-21,PREMIUM
CUST00351,Manbir Agate,manbir.agate351@example.com,2025-02-28,REGULAR
CUST00352,Maanav De,maanav.de352@example.com,2026-06-10,PREMIUM
CUST00353,Owen Choudhary,owen.choudhary353@example.com,2026-03-09,REGULAR
CUST00354,Karan Aurora,karan.aurora354@example.com,2025-01-11,REGULAR
CUST00355,Wazir Naik,wazir.naik355@example.com,2025-10-14,REGULAR
CUST00356,Owen Lanka,owen.lanka356@example.com,2026-03-31,REGULAR
CUST00357,Jonathan Sama,jonathan.sama357@example.com,2025-10-16,REGULAR
CUST00358,Devansh Soni,devansh.soni358@example.com,2025-01-20,REGULAR
CUST00359,Janaki Varghese,janaki.varghese359@example.com,2025-09-12,PREMIUM
CUST00360,Siya Thakur,siya.thakur360@example.com,2025-02-19,REGULAR
CUST00361,Caleb Verma,caleb.verma361@example.com,2026-06-29,REGULAR
CUST00362,Tara Balasubramanian,tara.balasubramanian362@example.com,2025-04-19,REGULAR
CUST00363,Varenya Ratti,varenya.ratti363@example.com,2026-01-18,REGULAR
CUST00364,Hritik Swaminathan,hritik.swaminathan364@example.com,2026-02-22,REGULAR
CUST00365,Ethan Buch,ethan.buch365@example.com,2026-06-05,PREMIUM
CUST00366,Manbir Bhatti,manbir.bhatti366@example.com,2026-02-24,REGULAR
CUST00367,Anvi Nair,anvi.nair367@example.com,2025-05-01,PREMIUM
CUST00368,Chaitaly Setty,chaitaly.setty368@example.com,2026-01-16,REGULAR
CUST00369,Hardik Contractor,hardik.contractor369@example.com,2025-08-06,REGULAR
CUST00370,Qushi Seth,qushi.seth370@example.com,2025-12-11,REGULAR
CUST00371,Odika Nori,odika.nori371@example.com,2025-10-09,REGULAR
CUST00372,Mohini Sagar,mohini.sagar372@example.com,2026-02-27,PREMIUM
CUST00373,Dhriti Sane,dhriti.sane373@example.com,2025-02-17,REGULAR
CUST00374,Aadhya Prasad,aadhya.prasad374@example.com,2025-04-05,PREMIUM
CUST00375,Urvi Bhavsar,urvi.bhavsar375@example.com,2025-03-13,REGULAR
CUST00376,Frederick Chander,frederick.chander376@example.com,2026-04-09,VIP
CUST00377,Gopal Pradhan,gopal.pradhan377@example.com,2025-09-17,REGULAR
CUST00378,Darpan Narayan,darpan.narayan378@example.com,2026-03-15,REGULAR
CUST00379,Nirja Pandya,nirja.pandya379@example.com,2026-03-07,REGULAR
CUST00380,Charan Mani,charan.mani380@example.com,2025-06-30,REGULAR
CUST00381,Indira Chawla,indira.chawla381@example.com,2026-04-08,REGULAR
CUST00382,Mohammed Subramaniam,mohammed.subramaniam382@example.com,2025-04-23,VIP
CUST00383,Hritik Palla,hritik.palla383@example.com,2025-05-16,REGULAR
CUST00384,Ishwar Mallick,ishwar.mallick384@example.com,2025-04-13,REGULAR
CUST00385,Pushti Bal,pushti.bal385@example.com,2025-07-04,REGULAR
CUST00386,Ayush Gole,ayush.golegmail.com,2025-02-10,REGULAR
CUST00387,Dayamai Nori,dayamai.nori387@example.com,2025-03-30,PREMIUM
CUST00388,Abeer Golla,abeer.golla388@example.com,2025-10-09,REGULAR
CUST00389,Nandini Boase,nandini.boase389@example.com,2026-01-27,REGULAR
CUST00390,Azaan Chand,azaan.chand390@example.com,2026-05-27,REGULAR
CUST00391,Krisha Saini,krisha.saini391@example.com,2025-01-25,REGULAR
CUST00392,Harita Dugar,harita.dugar392@example.com,2025-11-08,REGULAR
CUST00393,Devika Nair,devika.nair393@example.com,2025-12-11,REGULAR
CUST00394,Charles Dugal,charles.dugal394@example.com,2026-04-18,REGULAR
CUST00395,Chandran Bumb,chandran.bumb395@example.com,2026-04-30,REGULAR
CUST00396,Saanvi Samra,saanvi.samra396@example.com,2025-09-10,REGULAR
CUST00397,Riya Sachdeva,riya.sachdeva397@example.com,2025-08-18,REGULAR
CUST00398,Tanveer Vala,tanveer.vala398@example.com,2025-03-19,PREMIUM
CUST00399,Hemani Sani,hemani.sani399@example.com,2026-05-24,REGULAR
CUST00400,Bhanumati Sur,bhanumati.sur400@example.com,2025-06-17,REGULAR
CUST00401,Chakradev Kannan,chakradev.kannan401@example.com,2025-11-18,REGULAR
CUST00402,Christopher Amble,christopher.amble402@example.com,2025-11-20,PREMIUM
CUST00403,Charvi Kakar,charvi.kakar403@example.com,2025-08-31,REGULAR
CUST00404,Aadhya Mann,aadhya.mann404@example.com,2025-04-29,REGULAR
CUST00405,Jagdish Amble,jagdish.amble405@example.com,2025-03-12,PREMIUM
CUST00406,Qushi Gill,qushi.gill406@example.com,2025-03-17,PREMIUM
CUST00407,Lajita Walia,lajita.walia407@example.com,2025-04-12,REGULAR
CUST00408,Xiti Pandya,xiti.pandya408@example.com,2026-03-13,REGULAR
CUST00409,Mekhala Basak,mekhala.basak409@example.com,2025-11-16,REGULAR
CUST00410,Anirudh Sharaf,anirudh.sharaf410@example.com,2025-11-25,PREMIUM
CUST00411,Dhriti Sanghvi,dhriti.sanghvi411@example.com,2025-08-12,REGULAR
CUST00412,Omisha Mann,omisha.mann412@example.com,2026-03-25,REGULAR
CUST00413,Nidhi Bail,nidhi.bail413@example.com,2026-01-10,REGULAR
CUST00414,Onveer Sharma,onveer.sharma414@example.com,2026-03-09,REGULAR
CUST00415,Gaurang Sarkar,gaurang.sarkar415@example.com,2026-03-22,REGULAR
CUST00416,Yagnesh Sarin,yagnesh.sarin416@example.com,2026-03-12,VIP
CUST00417,Farhan Randhawa,farhan.randhawa417@example.com,2026-04-22,REGULAR
CUST00418,Harinakshi Kant,harinakshi.kant418@example.com,2026-04-19,PREMIUM
CUST00419,Om Bose,om.bose419@example.com,2025-07-27,REGULAR
CUST00420,Yashvi Hari,yashvi.hari420@example.com,2025-08-28,PREMIUM
CUST00421,Indali Divan,indali.divan421@example.com,2025-05-21,PREMIUM
CUST00422,Harshil Dhingra,harshil.dhingra422@example.com,2025-11-08,REGULAR
CUST00423,Rudra Ghose,rudra.ghose423@example.com,2025-01-24,REGULAR
CUST00424,Faqid Goel,faqid.goel424@example.com,2025-10-20,REGULAR
CUST00425,Ucchal Sen,ucchal.sen425@example.com,2025-10-15,REGULAR
CUST00426,Diya Dora,diya.dora426@example.com,2026-03-17,REGULAR
CUST00427,Ekansh Singh,ekansh.singh427@example.com,2025-05-01,REGULAR
CUST00428,Chavvi Maharaj,chavvi.maharaj428@example.com,2026-06-08,REGULAR
CUST00429,Indira Tripathi,indira.tripathi429@example.com,2025-11-26,REGULAR
CUST00430,Dayita Shenoy,dayita.shenoy430@example.com,2025-08-01,REGULAR
CUST00431,Baljiwan Bhandari,baljiwan.bhandari431@example.com,2025-09-26,REGULAR
CUST00432,Bhavini Bose,bhavini.bose432@example.com,2026-06-11,REGULAR
CUST00433,Yashica Rajagopalan,yashica.rajagopalan433@example.com,2025-08-28,REGULAR
CUST00434,Benjamin Sengupta,benjamin.sengupta434@example.com,2026-04-11,REGULAR
CUST00435,Ekanta Soni,ekanta.soni435@example.com,2025-06-14,PREMIUM
CUST00436,David Seshadri,david.seshadri436@example.com,2025-08-13,REGULAR
CUST00437,Hemal Chad,@gmail.com,2025-05-17,REGULAR
CUST00438,Balveer Kota,balveer.kota438@example.com,2025-06-28,REGULAR
CUST00439,Reva Viswanathan,reva.viswanathan439@example.com,2025-10-03,REGULAR
CUST00440,Januja Pradhan,januja.pradhan440@example.com,2025-02-02,REGULAR
CUST00441,Lila Rege,lila.rege441@example.com,2025-03-02,PREMIUM
CUST00442,Charles Natt,charles.natt442@example.com,2026-03-22,REGULAR
CUST00443,Forum Chandra,forum.chandra443@example.com,2025-08-13,REGULAR
CUST00444,Bhanumati Krishnan,bhanumati.krishnan444@example.com,2025-09-10,REGULAR
CUST00445,Gauri Bumb,gauri.bumb445@example.com,2025-12-24,PREMIUM
CUST00446,Inaya Mukherjee,inaya.mukherjee446@example.com,2025-03-10,REGULAR
CUST00447,Kai Chad,kai.chad447@example.com,2025-12-05,REGULAR
CUST00448,Krisha Narasimhan,krisha.narasimhan448@example.com,2025-11-04,PREMIUM
CUST00449,Girik Sampath,girik.sampath449@example.com,2025-06-22,REGULAR
CUST00450,Andrew Patil,andrew.patil450@example.com,2026-02-01,REGULAR
CUST00451,Pranit Kala,pranit.kala451@example.com,2025-05-31,PREMIUM
CUST00452,Vedika Handa,vedika.handa452@example.com,2026-05-17,PREMIUM
CUST00453,Laksh Dubey,laksh.dubey453@example.com,2025-04-24,REGULAR
CUST00454,Chakrika Chaudhuri,chakrika.chaudhuri454@example.com,2025-04-29,PREMIUM
CUST00455,Gayathri Deep,gayathri.deep455@example.com,2025-05-18,VIP
CUST00456,Mitesh Gaba,mitesh.gaba456@example.com,2025-12-27,PREMIUM
CUST00457,Noah Sarma,noah.sarma457@example.com,2025-12-15,REGULAR
CUST00458,Nirja Patla,nirja.patla458@example.com,2026-05-15,REGULAR
CUST00459,Sachi Mane,sachi.mane459@example.com,2026-05-03,REGULAR
CUST00460,Vivaan Walla,vivaan.walla460@example.com,2025-12-31,REGULAR
CUST00461,Dayamai Singh,dayamai.singh461@example.com,2025-08-02,REGULAR
CUST00462,Jhalak Sastry,jhalak.sastry462@example.com,2025-02-27,REGULAR
CUST00463,Baghyawati Raja,baghyawati.raja463@example.com,2025-02-14,REGULAR
CUST00464,Neel Iyengar,neel.iyengar464@example.com,2026-05-16,PREMIUM
CUST00465,Zashil Ben,zashil.ben465@example.com,2026-04-23,REGULAR
CUST00466,Kamya Chauhan,kamya.chauhan466@example.com,2026-03-27,REGULAR
CUST00467,Bhavani Chacko,bhavani.chacko467@example.com,2025-02-01,REGULAR
CUST00468,Anjali Sengupta,anjali.sengupta468@example.com,2026-05-22,REGULAR
CUST00469,Rajeshri Chand,rajeshri.chand469@example.com,2026-01-25,REGULAR
CUST00470,Shravya Palla,shravya.palla470@example.com,2025-03-22,PREMIUM
CUST00471,Oeshi Bera,oeshi.bera471@example.com,2025-03-07,REGULAR
CUST00472,Yadavi Prakash,yadavi.prakash472@example.com,2025-07-12,PREMIUM
CUST00473,Libni Bumb,libni.bumb473@example.com,2026-02-12,REGULAR
CUST00474,Udarsh Bala,udarsh.bala474@example.com,2025-10-17,PREMIUM
CUST00475,Hardik Nayak,hardik.nayak475@example.com,2025-09-20,REGULAR
CUST00476,Laksh Barad,laksh.barad476@example.com,2026-05-06,REGULAR
CUST00477,Urmi Dewan,urmi.dewan477@example.com,2025-03-15,REGULAR
CUST00478,Saumya Ahluwalia,saumya.ahluwalia478@example.com,2025-07-15,PREMIUM
CUST00479,Anirudh Kunda,anirudh.kunda479@example.com,2026-04-14,PREMIUM
CUST00480,Mason Wable,mason.wable480@example.com,2026-03-29,REGULAR
CUST00481,Indrajit Mani,indrajit.mani481@example.com,2025-08-29,VIP
CUST00482,Charvi Dara,charvi.dara482@example.com,2025-11-01,REGULAR
CUST00483,William Saini,william.saini483@example.com,2025-03-07,REGULAR
CUST00484,Dev Choudhry,dev.choudhry484@example.com,2025-09-13,PREMIUM
CUST00485,Amol Varma,amol.varma485@example.com,2026-06-17,PREMIUM
CUST00486,Maanas Manne,maanas.manne486@example.com,2026-06-05,REGULAR
CUST00487,Aarav Pandit,aarav.pandit487@example.com,2025-10-09,REGULAR
CUST00488,Omaja Grover,omaja.grover488@example.com,2025-09-23,PREMIUM
CUST00489,Jalsa Bir,jalsa.bir489@example.com,2025-06-25,VIP
CUST00490,Madhavi Singhal,madhavi.singhal490@example.com,2025-08-18,PREMIUM
CUST00491,Lila Prakash,lila.prakash491@example.com,2026-02-24,PREMIUM
CUST00492,Amol Parikh,amol.parikh492@example.com,2025-01-30,REGULAR
CUST00493,Hemani Khosla,hemani.khosla493@example.com,2026-04-26,REGULAR
CUST00494,Gaurangi Deol,gaurangi.deol494@example.com,2025-05-07,REGULAR
CUST00495,Indira Nigam,indira.nigam495@example.com,2026-05-01,PREMIUM
CUST00496,Ucchal Srinivas,ucchal.srinivas496@example.com,2025-12-06,REGULAR
CUST00497,Krishna Bhatnagar,krishna.bhatnagar497@example.com,2025-07-04,VIP
CUST00498,Balhaar Memon,balhaar.memon498@example.com,2025-12-15,REGULAR
CUST00499,Caleb Iyengar,caleb.iyengar499@example.com,2025-12-31,PREMIUM
CUST00500,Diya Mukherjee,diya.mukherjee500@example.com,2026-06-11,PREMIUM
CUST00501,Urvashi Kulkarni,urvashi.kulkarni501@example.com,2025-12-25,PREMIUM
CUST00502,Rayaan Mangal,rayaan.mangal502@example.com,2026-01-26,REGULAR
CUST00503,Champak Narula,champak.narula503@example.com,2025-06-05,PREMIUM
CUST00504,Jeet Pillai,jeet.pillai504@example.com,2025-07-14,REGULAR
CUST00505,Mugdha Sarraf,mugdha.sarraf505@example.com,2025-10-16,REGULAR
CUST00506,Harinakshi Grover,harinakshi.grover506@example.com,2026-02-05,PREMIUM
CUST00507,Widisha Pillai,widisha.pillai507@example.com,2025-05-05,REGULAR
CUST00508,Fitan Samra,fitan.samra508@example.com,2025-04-25,PREMIUM
CUST00509,Qushi Gole,qushi.gole509@example.com,2025-06-22,PREMIUM
CUST00510,Ekani Chauhan,ekani.chauhan510@example.com,2025-01-21,REGULAR
CUST00511,Falak Merchant,falak.merchant511@example.com,2025-10-18,REGULAR
CUST00512,Sanaya Sandhu,sanaya.sandhu512@example.com,2025-10-19,REGULAR
CUST00513,Sachi Panchal,sachi.panchal513@example.com,2025-03-18,PREMIUM
CUST00514,Brijesh Pandit,brijesh.pandit514@example.com,2025-04-24,REGULAR
CUST00515,Anvi Bhandari,anvi.bhandari515@example.com,2026-01-02,REGULAR
CUST00516,Nidra Patla,nidra.patla516@example.com,2025-12-31,REGULAR
CUST00517,Azaan Dhar,azaan.dhar,2025-01-15,REGULAR
CUST00518,Bakhshi Date,bakhshi.date518@example.com,2026-03-03,PREMIUM
CUST00519,Warinder Peri,warinder.peri519@example.com,2025-11-25,REGULAR
CUST00520,Leela Bali,leela.bali520@example.com,2025-08-22,REGULAR
CUST00521,Shivani Prabhakar,shivani.prabhakar521@example.com,2026-05-12,PREMIUM
CUST00522,Sachi Bose,sachi.bose522@example.com,2025-03-28,PREMIUM
CUST00523,Jeevika Rao,jeevika.rao523@example.com,2026-02-21,REGULAR
CUST00524,Arya Krish,arya.krish524@example.com,2025-07-07,PREMIUM
CUST00525,Atharv Grewal,atharv.grewal525@example.com,2025-01-02,REGULAR
CUST00526,Zarna Ram,zarna.ram526@example.com,2025-11-20,REGULAR
CUST00527,Adweta Lad,adweta.lad527@example.com,2026-02-11,VIP
CUST00528,Tanish Mangal,tanish.mangal528@example.com,2026-02-13,REGULAR
CUST00529,Ryan Das,ryan.das529@example.com,2026-01-30,REGULAR
CUST00530,Ethan Seth,ethan.seth530@example.com,2026-01-01,REGULAR
CUST00531,Sai Chahal,sai.chahal531@example.com,2025-10-17,REGULAR
CUST00532,Idika Bhattacharyya,idika.bhattacharyya,2025-09-25,REGULAR
CUST00533,Charita Dugar,charita.dugar533@example.com,2025-03-22,PREMIUM
CUST00534,Janaki Trivedi,janaki.trivedi534@example.com,2025-09-16,REGULAR
CUST00535,Jairaj Iyer,jairaj.iyer535@example.com,2025-09-20,PREMIUM
CUST00536,Warjas Tak,warjas.tak536@example.com,2026-06-16,REGULAR
CUST00537,Jalsa Pillay,jalsa.pillay537@example.com,2026-05-06,REGULAR
CUST00538,Kai Chadha,kai.chadha538@example.com,2025-12-22,REGULAR
CUST00539,Dayamai Rao,dayamai.rao539@example.com,2025-06-04,PREMIUM
CUST00540,Nirja Rout,nirja.rout540@example.com,2025-08-29,REGULAR
CUST00541,Jeremiah Nadig,jeremiah.nadig541@example.com,2026-02-26,REGULAR
CUST00542,Shivani Shukla,shivani.shukla542@example.com,2026-05-18,REGULAR
CUST00543,Kabir Gopal,kabir.gopal543@example.com,2025-02-07,PREMIUM
CUST00544,Rachita Thakkar,rachita.thakkar544@example.com,2025-04-07,PREMIUM
CUST00545,Jeet Vasa,jeet.vasa545@example.com,2025-11-07,PREMIUM
CUST00546,Daksha Gala,daksha.gala546@example.com,2025-10-28,REGULAR
CUST00547,Ekantika Kar,ekantika.kar547@example.com,2026-06-22,REGULAR
CUST00548,Zilmil Mander,zilmil.mander548@example.com,2026-02-08,REGULAR
CUST00549,Zashil Hegde,zashil.hegde549@example.com,2025-11-26,REGULAR
CUST00550,Jeremiah Mitter,jeremiah.mitter550@example.com,2025-05-21,REGULAR
CUST00551,Yadavi Ganguly,yadavi.ganguly551@example.com,2025-03-04,REGULAR
CUST00552,Onveer Nazareth,onveer.nazareth552@example.com,2025-12-13,REGULAR
CUST00553,Ayush Bumb,ayush.bumb553@example.com,2026-06-20,REGULAR
CUST00554,Alka Kade,alka.kade554@example.com,2025-10-01,REGULAR
CUST00555,Azaan Tank,azaan.tank555@example.com,2026-05-12,VIP
CUST00556,Chasmum Subramanian,chasmum.subramanian556@example.com,2025-02-28,REGULAR
CUST00557,Nidra Mishra,nidra.mishra557@example.com,2026-02-03,PREMIUM
CUST00558,Elijah Bhasin,elijah.bhasin558@example.com,2025-01-25,REGULAR
CUST00559,Ria Sagar,ria.sagar559@example.com,2025-12-07,REGULAR
CUST00560,Ucchal Jani,ucchal.jani560@example.com,2026-05-17,REGULAR
CUST00561,Maanas Munshi,maanas.munshi561@example.com,2026-03-17,REGULAR
CUST00562,Hemani Rastogi,hemani.rastogi562@example.com,2025-12-16,PREMIUM
CUST00563,Kamala Varma,kamala.varma563@example.com,2025-03-01,REGULAR
CUST00564,Eiravati Khurana,eiravati.khurana564@example.com,2025-11-06,REGULAR
CUST00565,Jason Loke,jason.loke565@example.com,2025-03-30,REGULAR
CUST00566,Yug Dhaliwal,yug.dhaliwal566@example.com,2026-02-07,REGULAR
CUST00567,Chandresh Mannan,chandresh.mannan567@example.com,2025-07-23,PREMIUM
CUST00568,Omya Kothari,omya.kothari568@example.com,2025-06-16,VIP
CUST00569,Falak Munshi,falak.munshi569@example.com,2026-01-17,REGULAR
CUST00570,Nathaniel Tara,nathaniel.tara570@example.com,2025-02-27,REGULAR
CUST00571,Wishi Morar,wishi.morar571@example.com,2025-12-12,VIP
CUST00572,Arin Chana,arin.chana572@example.com,2025-09-06,REGULAR
CUST00573,Yashasvi Shankar,yashasvi.shankar573@example.com,2026-03-04,REGULAR
CUST00574,Tanveer Pandit,tanveer.pandit574@example.com,2025-05-03,PREMIUM
CUST00575,Chandresh Manda,chandresh.manda575@example.com,2026-05-11,REGULAR
CUST00576,Upma Mangal,upma.mangal576@example.com,2025-06-24,REGULAR
CUST00577,Hritik Sankar,hritik.sankar577@example.com,2025-04-18,REGULAR
CUST00578,Aishani Pau,aishani.pau578@example.com,2025-10-08,REGULAR
CUST00579,Jasmit Bath,jasmit.bath579@example.com,2026-03-05,REGULAR
CUST00580,Charan Hayer,charan.hayer580@example.com,2025-02-21,REGULAR
CUST00581,Bhavya Borah,bhavya.borah581@example.com,2026-01-07,REGULAR
CUST00582,Yamini Seshadri,yamini.seshadri582@example.com,2026-03-23,REGULAR
CUST00583,Jagat Dave,jagat.dave583@example.com,2026-05-14,REGULAR
CUST00584,Meera Prakash,meera.prakash584@example.com,2026-02-06,REGULAR
CUST00585,Jasmit Dhawan,jasmit.dhawan585@example.com,2026-03-05,REGULAR
CUST00586,Yashodhara Ratti,yashodhara.ratti586@example.com,2025-04-11,REGULAR
CUST00587,Chakradev Barad,chakradev.barad587@example.com,2025-02-13,PREMIUM
CUST00588,Gauri Som,gauri.som588@example.com,2025-08-25,REGULAR
CUST00589,Manthan Varma,manthan.varma589@example.com,2025-06-25,REGULAR
CUST00590,Falak Nagar,falak.nagar590@example.com,2025-08-09,PREMIUM
CUST00591,Maya Mistry,maya.mistry591@example.com,2026-05-09,VIP
CUST00592,Yashica Upadhyay,yashica.upadhyay592@example.com,2026-05-01,REGULAR
CUST00593,Chandani Soman,chandani.soman593@example.com,2026-01-26,REGULAR
CUST00594,Jyoti Narula,jyoti.narula594@example.com,2026-03-28,REGULAR
CUST00595,Omaja Morar,omaja.morar595@example.com,2026-04-16,REGULAR
CUST00596,Urvi Lanka,urvi.lanka596@example.com,2025-02-01,PREMIUM
CUST00597,Charan Srinivasan,charan.srinivasan597@example.com,2025-02-05,PREMIUM
CUST00598,Lajita Divan,lajita.divan598@example.com,2025-07-25,REGULAR
CUST00599,Azad Choudhary,azad.choudhary599@example.com,2025-11-20,REGULAR
CUST00600,Anirudh Sastry,anirudh.sastry600@example.com,2026-05-03,REGULAR
CUST00601,Omya Doshi,omya.doshi601@example.com,2025-08-23,REGULAR
CUST00602,Samar Roy,samar.roy602@example.com,2026-06-17,REGULAR
CUST00603,David Devi,david.devi603@example.com,2026-06-19,REGULAR
CUST00604,Ekta Sridhar,ekta.sridhar604@example.com,2026-01-12,REGULAR
CUST00605,Dipta Ghose,dipta.ghose605@example.com,2025-04-22,REGULAR
CUST00606,Hema Pandya,hema.pandya606@example.com,2025-09-26,VIP
CUST00607,Veda Handa,veda.handa607@example.com,2025-10-15,REGULAR
CUST00608,Arya Misra,arya.misra608@example.com,2025-07-07,REGULAR
CUST00609,Chameli Mani,chameli.mani609@example.com,2025-07-12,REGULAR
CUST00610,Vrinda Nadig,vrinda.nadig610@example.com,2025-10-26,PREMIUM
CUST00611,Ikshita Mahal,ikshita.mahal611@example.com,2025-05-05,PREMIUM
CUST00612,Jairaj Raghavan,jairaj.raghavan612@example.com,2025-08-31,REGULAR
CUST00613,Hemani Dhingra,hemani.dhingra613@example.com,2026-02-04,REGULAR
CUST00614,Brijesh Mani,brijesh.mani614@example.com,2026-01-22,REGULAR
CUST00615,Hiral Sathe,hiral.sathe615@example.com,2026-01-28,REGULAR
CUST00616,Varenya Kala,varenya.kala616@example.com,2026-03-30,REGULAR
CUST00617,Anika Magar,anika.magar617@example.com,2026-01-20,REGULAR
CUST00618,Ikbal Khatri,ikbal.khatri618@example.com,2026-06-07,REGULAR
CUST00619,Chandresh Wali,chandresh.wali619@example.com,2025-03-25,REGULAR
CUST00620,Viraj Ben,viraj.ben620@example.com,2025-10-12,PREMIUM
CUST00621,Odika Narayanan,odika.narayanan621@example.com,2025-11-08,REGULAR
CUST00622,Harish Devan,harish.devan622@example.com,2025-10-09,REGULAR
CUST00623,Nakul Ray,nakul.ray623@example.com,2026-01-27,REGULAR
CUST00624,Vansha Iyengar,vansha.iyengar624@example.com,2026-04-30,REGULAR
CUST00625,Ekani Mangal,ekani.mangal625@example.com,2025-03-17,REGULAR
CUST00626,Gaurav Kata,gaurav.kata626@example.com,2025-09-21,REGULAR
CUST00627,Parth Sahni,parth.sahni627@example.com,2025-04-23,REGULAR
CUST00628,Balhaar Ranganathan,balhaar.ranganathan628@example.com,2026-01-24,REGULAR
CUST00629,Quincy Mann,quincy.mann629@example.com,2025-09-16,PREMIUM
CUST00630,Aditya Misra,aditya.misra630@example.com,2025-04-26,REGULAR
CUST00631,Gautami Mane,gautami.mane631@example.com,2025-09-12,PREMIUM
CUST00632,Wakeeta Desai,wakeeta.desai632@example.com,2025-11-02,VIP
CUST00633,Anjali Hans,anjali.hans633@example.com,2025-08-21,REGULAR
CUST00634,Ganga Gaba,ganga.gaba634@example.com,2026-01-31,REGULAR
CUST00635,Aarini Grewal,aarini.grewal635@example.com,2025-08-21,REGULAR
CUST00636,Geetika Merchant,geetika.merchantgmail.com,2026-06-08,REGULAR
CUST00637,Parth Ravi,parth.ravi637@example.com,2025-08-27,PREMIUM
CUST00638,Yutika Narang,yutika.narang638@example.com,2026-06-19,REGULAR
CUST00639,Nandini Chandran,nandini.chandran639@example.com,2025-07-26,VIP
CUST00640,Logan Sood,logan.sood640@example.com,2026-03-26,REGULAR
CUST00641,Yuvraj Ahuja,yuvraj.ahuja641@example.com,2026-03-30,REGULAR
CUST00642,Leela Keer,leela.keer642@example.com,2026-04-27,PREMIUM
CUST00643,Amara Narayan,amara.narayan643@example.com,2026-06-13,REGULAR
CUST00644,Advay Lal,advay.lal644@example.com,2026-06-29,REGULAR
CUST00645,Warinder Bhatia,warinder.bhatiagmail.com,2025-11-22,REGULAR
CUST00646,Udyati Mohanty,udyati.mohanty646@example.com,2025-11-15,REGULAR
CUST00647,Nidra Thakkar,nidra.thakkar647@example.com,2026-01-02,PREMIUM
CUST00648,Jacob Merchant,jacob.merchant648@example.com,2025-02-18,PREMIUM
CUST00649,Timothy Kanda,timothy.kanda649@example.com,2026-03-12,REGULAR
CUST00650,Vanya Dua,vanya.dua650@example.com,2026-02-13,REGULAR
CUST00651,Kashvi Sagar,kashvi.sagar651@example.com,2025-12-24,PREMIUM
CUST00652,Tejas Kota,tejas.kota652@example.com,2025-10-03,REGULAR
CUST00653,Sanya Wable,sanya.wable653@example.com,2026-06-13,REGULAR
CUST00654,Faras Choudhury,faras.choudhury654@example.com,2026-04-19,REGULAR
CUST00655,Yashasvi Jain,yashasvi.jain655@example.com,2025-08-05,REGULAR
CUST00656,Nitesh Narang,nitesh.narang656@example.com,2025-08-20,PREMIUM
CUST00657,Jackson Jha,jackson.jha657@example.com,2026-06-21,PREMIUM
CUST00658,Gavin Uppal,gavin.uppal658@example.com,2025-09-28,REGULAR
CUST00659,Christopher Setty,christopher.setty659@example.com,2025-08-01,REGULAR
CUST00660,Yochana Sagar,yochana.sagar660@example.com,2026-02-26,REGULAR
CUST00661,Dalbir Shere,dalbir.shere661@example.com,2025-09-26,VIP
CUST00662,Anthony Randhawa,anthony.randhawa662@example.com,2025-08-14,REGULAR
CUST00663,Aarush Kamdar,aarush.kamdar663@example.com,2025-03-03,REGULAR
CUST00664,Chakradev Sampath,chakradev.sampath664@example.com,2025-07-19,PREMIUM
CUST00665,Devansh Bhasin,devansh.bhasin665@example.com,2026-02-23,REGULAR
CUST00666,Urmi Balay,urmi.balay666@example.com,2025-07-30,REGULAR
CUST00667,Nilima Gole,nilima.gole667@example.com,2026-04-01,REGULAR
CUST00668,Osha Prasad,osha.prasad668@example.com,2026-02-17,REGULAR
CUST00669,Saumya Purohit,saumya.purohit669@example.com,2025-03-19,REGULAR
CUST00670,Faris Zacharia,faris.zacharia670@example.com,2025-03-20,REGULAR
CUST00671,Ijaya Dani,ijaya.dani671@example.com,2026-03-04,VIP
CUST00672,Maya Wadhwa,maya.wadhwa672@example.com,2026-05-23,PREMIUM
CUST00673,Udant Aggarwal,udant.aggarwal673@example.com,2026-01-06,REGULAR
CUST00674,Chanchal Sheth,chanchal.sheth674@example.com,2025-08-12,REGULAR
CUST00675,Ladli Karpe,ladli.karpe675@example.com,2025-03-11,REGULAR
CUST00676,Triveni Pal,triveni.pal676@example.com,2025-01-29,PREMIUM
CUST00677,Anya Gulati,anya.gulati677@example.com,2025-05-17,PREMIUM
CUST00678,Azad Saini,azad.saini678@example.com,2025-11-05,PREMIUM
CUST00679,Wridesh Jhaveri,wridesh.jhaveri679@example.com,2025-08-13,PREMIUM
CUST00680,Harrison Bandi,harrison.bandi,2025-09-18,REGULAR
CUST00681,Chanakya Konda,chanakya.konda681@example.com,2026-02-26,REGULAR
CUST00682,Neelima Sarna,neelima.sarna682@example.com,2025-04-15,PREMIUM
CUST00683,Teerth Bhalla,teerth.bhalla683@example.com,2025-05-30,PREMIUM
CUST00684,Yahvi Mann,yahvi.mann684@example.com,2025-12-23,REGULAR
CUST00685,Eiravati Nagi,eiravati.nagi685@example.com,2025-01-11,PREMIUM
CUST00686,Chasmum Dhar,chasmum.dhar686@example.com,2026-03-18,REGULAR
CUST00687,Odika Mital,odika.mital687@example.com,2026-04-20,PREMIUM
CUST00688,Darsh Gill,darsh.gill688@example.com,2025-11-29,REGULAR
CUST00689,Warhi Batta,warhi.batta689@example.com,2026-06-04,REGULAR
CUST00690,Lakshmi Vohra,lakshmi.vohra690@example.com,2026-01-06,REGULAR
CUST00691,Omaja Rege,omaja.rege691@example.com,2025-07-22,REGULAR
CUST00692,Charita Puri,charita.puri692@example.com,2025-07-27,VIP
CUST00693,Urvashi Khosla,urvashi.khosla693@example.com,2026-03-21,REGULAR
CUST00694,Charita Dhawan,charita.dhawan694@example.com,2026-06-23,REGULAR
CUST00695,Dalbir Sachar,dalbir.sachar695@example.com,2025-12-28,REGULAR
CUST00696,Krish Rama,krish.rama696@example.com,2026-01-26,PREMIUM
CUST00697,Aadhya Jani,aadhya.jani697@example.com,2025-08-30,REGULAR
CUST00698,Farhan Sengupta,farhan.sengupta698@example.com,2025-08-18,REGULAR
CUST00699,George Wason,george.wason699@example.com,2025-04-14,REGULAR
CUST00700,Charan Loyal,charan.loyal700@example.com,2026-04-16,REGULAR
CUST00701,Balveer Bora,balveer.bora701@example.com,2026-01-01,PREMIUM
CUST00702,Teerth Srinivas,teerth.srinivas702@example.com,2025-06-19,PREMIUM
CUST00703,Gaurangi Mitter,gaurangi.mitter703@example.com,2026-04-08,PREMIUM
CUST00704,Siddharth Gupta,siddharth.gupta704@example.com,2025-12-13,REGULAR
CUST00705,Varenya Kibe,varenya.kibe705@example.com,2026-03-15,REGULAR
CUST00706,Mekhala Khatri,mekhala.khatri706@example.com,2026-01-28,REGULAR
CUST00707,Barkha Rai,barkha.rai707@example.com,2025-05-08,REGULAR
CUST00708,Jagrati Morar,jagrati.morar708@example.com,2025-04-01,REGULAR
CUST00709,Jagvi Varghese,jagvi.varghese709@example.com,2026-01-15,REGULAR
CUST00710,Unnati Chaudhari,unnati.chaudhari710@example.com,2025-02-13,REGULAR
CUST00711,Ekaja Jani,ekaja.jani711@example.com,2025-12-21,REGULAR
CUST00712,Dhriti Sachdev,dhriti.sachdev712@example.com,2026-06-07,PREMIUM
CUST00713,Timothy Dhingra,timothy.dhingra713@example.com,2025-11-04,REGULAR
CUST00714,Advika Sahni,advika.sahni@,2026-03-26,REGULAR
CUST00715,Michael Hayre,michael.hayre715@example.com,2026-06-29,REGULAR
CUST00716,Victor Raghavan,victor.raghavan716@example.com,2025-02-23,VIP
CUST00717,Xalak Nazareth,xalak.nazareth717@example.com,2025-08-11,REGULAR
CUST00718,Vrinda Swaminathan,vrinda.swaminathan718@example.com,2026-05-14,VIP
CUST00719,Om Pandey,om.pandey719@example.com,2025-11-23,REGULAR
CUST00720,Logan Suresh,logan.suresh720@example.com,2025-12-15,PREMIUM
CUST00721,Daniel Viswanathan,daniel.viswanathan721@example.com,2025-10-19,REGULAR
CUST00722,Falan Bava,falan.bava722@example.com,2026-02-23,REGULAR
CUST00723,Nitara Devan,nitara.devan723@example.com,2025-04-03,REGULAR
CUST00724,Ekansh Dora,ekansh.dora724@example.com,2026-02-15,REGULAR
CUST00725,Tejas Tiwari,tejas.tiwari725@example.com,2025-01-03,PREMIUM
CUST00726,Kashvi Bhasin,kashvi.bhasin726@example.com,2025-12-26,REGULAR
CUST00727,Vinaya Babu,vinaya.babu727@example.com,2026-02-18,REGULAR
CUST00728,Nisha Arora,nisha.arora728@example.com,2025-12-24,REGULAR
CUST00729,Anvi Wason,anvi.wason729@example.com,2025-03-29,REGULAR
CUST00730,Anay Thakkar,anay.thakkar730@example.com,2026-04-23,PREMIUM
CUST00731,Praneel Chhabra,praneel.chhabra731@example.com,2025-01-13,REGULAR
CUST00732,Manthan Khosla,manthan.khosla732@example.com,2026-04-07,REGULAR
CUST00733,Zayyan Pandya,zayyan.pandya733@example.com,2026-07-01,PREMIUM
CUST00734,Mekhala Brar,mekhala.brar734@example.com,2025-02-04,REGULAR
CUST00735,Nidra Sharaf,nidra.sharaf735@example.com,2025-06-18,PREMIUM
CUST00736,Upkaar Mital,upkaar.mital736@example.com,2025-04-19,REGULAR
CUST00737,Azad Chander,azad.chander737@example.com,2026-03-24,REGULAR
CUST00738,Ladli Purohit,ladli.purohit738@example.com,2026-06-07,PREMIUM
CUST00739,Daksh Andra,daksh.andra739@example.com,2025-04-22,VIP
CUST00740,Fitan Tata,fitan.tata740@example.com,2025-11-18,REGULAR
CUST00741,Garima Chandran,garima.chandran741@example.com,2026-04-05,PREMIUM
CUST00742,Victor Kakar,victor.kakar742@example.com,2026-05-02,REGULAR
CUST00743,Anika Batra,anika.batra743@example.com,2025-02-06,VIP
CUST00744,Avni Bali,avni.bali744@example.com,2026-06-06,REGULAR
CUST00745,Divya Babu,divya.babu745@example.com,2026-06-25,REGULAR
CUST00746,Maanas Rao,maanas.rao746@example.com,2025-10-20,REGULAR
CUST00747,Chandani Gaba,chandani.gaba747@example.com,2025-07-07,PREMIUM
CUST00748,Lopa Zachariah,lopa.zachariah748@example.com,2025-04-23,PREMIUM
CUST00749,Leena Dey,leena.dey749@example.com,2026-03-13,REGULAR
CUST00750,Xiti Pal,xiti.pal750@example.com,2026-02-16,REGULAR
CUST00751,Guneet Sarkar,guneet.sarkar751@example.com,2025-06-07,REGULAR
CUST00752,Faqid Oak,faqid.oak752@example.com,2025-12-16,PREMIUM
CUST00753,Eta Balan,eta.balan753@example.com,2025-05-28,REGULAR
CUST00754,Shravya Swaminathan,shravya.swaminathan754@example.com,2026-04-15,REGULAR
CUST00755,Ishani Prashad,ishani.prashad755@example.com,2025-05-27,PREMIUM
CUST00756,Quincy Rai,quincy.rai756@example.com,2026-06-06,REGULAR
CUST00757,Chakrika Koshy,chakrika.koshy757@example.com,2025-09-16,REGULAR
CUST00758,Fitan Loyal,fitan.loyal758@example.com,2025-06-14,PREMIUM
CUST00759,Lajita Dube,lajita.dube759@example.com,2025-04-02,PREMIUM
CUST00760,Edhitha Patel,edhitha.patel760@example.com,2025-07-08,REGULAR
CUST00761,Gavin Ahluwalia,gavin.ahluwalia761@example.com,2025-11-05,PREMIUM
CUST00762,Sai Parsa,sai.parsa762@example.com,2025-08-08,REGULAR
CUST00763,Harsh Deo,harsh.deo763@example.com,2025-10-07,REGULAR
CUST00764,Rachit Sankar,rachit.sankar764@example.com,2026-01-22,REGULAR
CUST00765,Yauvani Reddy,yauvani.reddy765@example.com,2025-12-31,PREMIUM
CUST00766,Atharv Chakraborty,atharv.chakraborty766@example.com,2025-06-07,REGULAR
CUST00767,Girik Nair,girik.nair767@example.com,2026-03-13,PREMIUM
CUST00768,Advik Manne,advik.manne768@example.com,2025-01-13,REGULAR
CUST00769,Lipika Chad,lipika.chad769@example.com,2026-03-26,PREMIUM
CUST00770,Omkaar Rai,omkaar.rai770@example.com,2025-06-02,REGULAR
CUST00771,Liam Luthra,liam.luthra771@example.com,2025-07-10,REGULAR
CUST00772,Amrita Tailor,amrita.tailor772@example.com,2026-06-16,REGULAR
CUST00773,Dev Ganesh,dev.ganesh773@example.com,2026-01-15,VIP
CUST00774,Anya Sama,anya.sama774@example.com,2026-01-17,REGULAR
CUST00775,Veda Bose,veda.bose775@example.com,2025-10-01,REGULAR
CUST00776,Zayan Koshy,zayan.koshy776@example.com,2026-01-15,REGULAR
CUST00777,Rohan Shankar,rohan.shankar777@example.com,2026-05-14,VIP
CUST00778,Krishna Modi,krishna.modi778@example.com,2025-02-27,PREMIUM
CUST00779,Meghana Natarajan,meghana.natarajan779@example.com,2025-01-05,REGULAR
CUST00780,Forum Sarraf,forum.sarraf780@example.com,2025-06-29,REGULAR
CUST00781,Qushi Deshpande,qushi.deshpande781@example.com,2025-06-19,REGULAR
CUST00782,Ekani Iyer,ekani.iyer782@example.com,2026-04-25,REGULAR
CUST00783,Dipta Goel,dipta.goel783@example.com,2026-01-11,REGULAR
CUST00784,Eiravati Manne,@gmail.com,2025-01-10,REGULAR
CUST00785,Xavier Nanda,xavier.nanda785@example.com,2026-02-21,VIP
CUST00786,Avni Ramaswamy,@gmail.com,2025-05-20,REGULAR
CUST00787,Ishaan Iyengar,ishaan.iyengar787@example.com,2025-04-26,REGULAR
CUST00788,Avi Shenoy,avi.shenoy788@example.com,2025-07-16,PREMIUM
CUST00789,Raksha Manne,raksha.manne789@example.com,2025-11-05,REGULAR
CUST00790,Nilima Tata,nilima.tata790@example.com,2025-12-23,REGULAR
CUST00791,Chavvi Khurana,chavvi.khurana791@example.com,2025-06-25,REGULAR
CUST00792,Mitesh Sampath,mitesh.sampath792@example.com,2025-03-04,REGULAR
CUST00793,Ethan Sen,ethan.sen793@example.com,2025-01-25,REGULAR
CUST00794,Nandini Warrior,nandini.warrior794@example.com,2026-03-06,REGULAR
CUST00795,Balhaar Parsa,balhaar.parsa795@example.com,2026-06-30,REGULAR
CUST00796,Ikbal Kothari,ikbal.kothari796@example.com,2025-12-04,REGULAR
CUST00797,Ojas Basu,ojas.basu797@example.com,2025-03-16,PREMIUM
CUST00798,Garima Sani,garima.sani798@example.com,2025-06-28,REGULAR
CUST00799,Advaith Chaudhari,advaith.chaudhari799@example.com,2026-03-17,REGULAR
CUST00800,Tristan Uppal,tristan.uppal800@example.com,2025-02-27,REGULAR
CUST00801,Sanaya Prasad,sanaya.prasad801@example.com,2026-02-26,REGULAR
CUST00802,Ubika Tella,ubika.tella802@example.com,2025-09-02,REGULAR
CUST00803,Hemani Bakshi,hemani.bakshi803@example.com,2025-04-22,PREMIUM
CUST00804,Henry Merchant,henry.merchant804@example.com,2025-11-06,PREMIUM
CUST00805,Frederick D’Alia,frederick.d’alia805@example.com,2026-03-15,REGULAR
CUST00806,Ijaya Muni,ijaya.muni806@example.com,2025-10-30,REGULAR
CUST00807,Tamanna Jhaveri,tamanna.jhaveri807@example.com,2025-10-26,PREMIUM
CUST00808,Ijaya Soni,ijaya.soni808@example.com,2026-06-20,PREMIUM
CUST00809,Raksha Sethi,raksha.sethi809@example.com,2025-09-26,REGULAR
CUST00810,Ekalinga Mital,ekalinga.mital810@example.com,2025-03-01,REGULAR
CUST00811,Ishwar Bajaj,ishwar.bajaj811@example.com,2026-04-08,REGULAR
CUST00812,Ikbal Gala,ikbal.gala812@example.com,2025-01-24,REGULAR
CUST00813,Zaitra Ghosh,zaitra.ghosh813@example.com,2025-12-16,REGULAR
CUST00814,Ganga Sandhu,ganga.sandhu814@example.com,2025-10-19,REGULAR
CUST00815,Vincent Ravel,vincent.ravel815@example.com,2026-05-29,REGULAR
CUST00816,Quincy Sankaran,quincy.sankaran816@example.com,2025-08-18,PREMIUM
CUST00817,Ayush Hora,ayush.hora817@example.com,2025-03-05,REGULAR
CUST00818,Pushti Ramachandran,pushti.ramachandran818@example.com,2026-05-08,REGULAR
CUST00819,Tanish Jha,tanish.jha819@example.com,2025-10-08,REGULAR
CUST00820,Dev Chaudry,dev.chaudrygmail.com,2025-12-12,REGULAR
CUST00821,Jasmit Nanda,jasmit.nanda821@example.com,2025-04-13,REGULAR
CUST00822,Tanvi Comar,tanvi.comar822@example.com,2026-03-09,REGULAR
CUST00823,Vrishti Wable,vrishti.wable823@example.com,2025-01-21,REGULAR
CUST00824,Lipika Ramanathan,lipika.ramanathan824@example.com,2026-04-09,REGULAR
CUST00825,Ijaya Pandey,ijaya.pandey825@example.com,2025-10-27,REGULAR
CUST00826,Orinder Mishra,orinder.mishra826@example.com,2025-03-07,PREMIUM
CUST00827,Krish Munshi,krish.munshi827@example.com,2025-07-08,REGULAR
CUST00828,William Mody,william.mody828@example.com,2025-10-23,REGULAR
CUST00829,Qadim Prakash,qadim.prakash829@example.com,2025-07-28,REGULAR
CUST00830,Yasti Rama,yasti.rama830@example.com,2025-12-04,REGULAR
CUST00831,Lakshit Rajagopal,lakshit.rajagopal831@example.com,2025-03-01,REGULAR
CUST00832,Quincy Sur,quincy.sur832@example.com,2026-05-01,REGULAR
CUST00833,Ojas Suri,ojas.suri833@example.com,2025-12-22,REGULAR
CUST00834,Logan Grover,logan.grover834@example.com,2025-11-04,REGULAR
CUST00835,Shravya Bera,shravya.bera835@example.com,2025-09-13,REGULAR
CUST00836,Aditya Sundaram,aditya.sundaram836@example.com,2026-05-21,VIP
CUST00837,Robert Rajagopalan,robert.rajagopalan837@example.com,2025-09-07,REGULAR
CUST00838,Nilima Swamy,nilima.swamy838@example.com,2026-01-08,REGULAR
CUST00839,Sachi Suresh,sachi.suresh839@example.com,2025-09-05,REGULAR
CUST00840,Fitan Balasubramanian,fitan.balasubramanian840@example.com,2026-01-17,VIP
CUST00841,Brinda Bali,brinda.bali841@example.com,2025-09-11,REGULAR
CUST00842,Umang Yogi,umang.yogi842@example.com,2025-11-02,REGULAR
CUST00843,Om Shankar,om.shankar843@example.com,2025-06-05,REGULAR
CUST00844,Yasti Chowdhury,yasti.chowdhury844@example.com,2026-06-14,PREMIUM
CUST00845,Amrita Peri,amrita.peri845@example.com,2025-12-25,PREMIUM
CUST00846,Ridhi Kamdar,ridhi.kamdar846@example.com,2025-08-15,PREMIUM
CUST00847,Harsh Kota,harsh.kota847@example.com,2025-11-14,REGULAR
CUST00848,Bachittar Sengupta,bachittar.sengupta848@example.com,2025-08-24,REGULAR
CUST00849,Ijaya Chahal,ijaya.chahal849@example.com,2025-11-25,PREMIUM
CUST00850,Jacob Khalsa,jacob.khalsa850@example.com,2026-04-10,REGULAR
CUST00851,Indali Sangha,indali.sangha851@example.com,2026-01-29,PREMIUM
CUST00852,Liam Jhaveri,liam.jhaveri852@example.com,2025-11-21,REGULAR
CUST00853,Daniel Panchal,daniel.panchal853@example.com,2025-10-07,PREMIUM
CUST00854,Om Naik,om.naik854@example.com,2026-04-07,REGULAR
CUST00855,Bimala Loke,bimala.loke855@example.com,2025-07-12,REGULAR
CUST00856,Krishna Sabharwal,krishna.sabharwal856@example.com,2026-05-18,REGULAR
CUST00857,Aradhana Date,aradhana.date857@example.com,2026-05-17,REGULAR
CUST00858,Zaid Dhingra,zaid.dhingra858@example.com,2025-09-15,VIP
CUST00859,Yug Ramaswamy,yug.ramaswamy859@example.com,2025-01-09,REGULAR
CUST00860,Lucky Luthra,lucky.luthra860@example.com,2026-02-07,REGULAR
CUST00861,Keya Seth,keya.seth861@example.com,2025-06-21,REGULAR
CUST00862,Girik Rau,girik.rau862@example.com,2026-06-12,REGULAR
CUST00863,Jyoti Sha,jyoti.sha863@example.com,2025-09-25,VIP
CUST00864,Falak Agate,falak.agate864@example.com,2025-08-18,REGULAR
CUST00865,Tara Parmar,tara.parmar865@example.com,2025-04-01,PREMIUM
CUST00866,Mitali Kamdar,mitali.kamdar866@example.com,2025-09-28,REGULAR
CUST00867,Siddharth Talwar,siddharth.talwar867@example.com,2025-06-10,REGULAR
CUST00868,Ekantika Mander,ekantika.mander868@example.com,2025-03-17,REGULAR
CUST00869,Kalpit Sundaram,kalpit.sundaram869@example.com,2025-09-05,REGULAR
CUST00870,Chanakya Batra,chanakya.batra870@example.com,2025-03-31,REGULAR
CUST00871,Tripti Babu,tripti.babu871@example.com,2025-03-26,REGULAR
CUST00872,Nakul Sastry,nakul.sastry872@example.com,2025-07-09,REGULAR
CUST00873,Aadi Sangha,aadi.sangha873@example.com,2025-09-15,REGULAR
CUST00874,Kevin Mittal,kevin.mittal874@example.com,2025-06-30,PREMIUM
CUST00875,Anusha Chander,anusha.chander875@example.com,2025-05-25,REGULAR
CUST00876,Zashil Butala,zashil.butala876@example.com,2025-01-23,PREMIUM
CUST00877,Noah Ben,noah.ben877@example.com,2025-12-16,REGULAR
CUST00878,Dalaja Kaur,dalaja.kaur878@example.com,2025-06-16,REGULAR
CUST00879,Gavin Chandran,gavin.chandran879@example.com,2025-02-18,REGULAR
CUST00880,Tanay Sood,tanay.sood880@example.com,2026-02-22,REGULAR
CUST00881,Kevin Kara,kevin.kara881@example.com,2025-12-22,REGULAR
CUST00882,Aditya Anand,aditya.anand882@example.com,2026-01-16,REGULAR
CUST00883,Jai Sami,jai.sami883@example.com,2026-04-09,REGULAR
CUST00884,Vanya Bobal,vanya.bobal884@example.com,2025-03-30,REGULAR
CUST00885,Leela Chakraborty,leela.chakraborty885@example.com,2026-04-25,REGULAR
CUST00886,Harshil Munshi,harshil.munshi886@example.com,2025-08-20,PREMIUM
CUST00887,Chandani Devan,chandani.devan887@example.com,2026-06-07,REGULAR
CUST00888,Kiaan Dhar,kiaan.dhar888@example.com,2025-08-26,REGULAR
CUST00889,Abhiram Gala,abhiram.gala889@example.com,2025-04-20,REGULAR
CUST00890,Indali Kala,indali.kala890@example.com,2025-04-18,REGULAR
CUST00891,Nisha Savant,nisha.savant891@example.com,2026-01-14,REGULAR
CUST00892,Gabriel Chaudhry,gabriel.chaudhry892@example.com,2026-05-17,PREMIUM
CUST00893,Jatin Rajagopalan,jatin.rajagopalan893@example.com,2025-05-10,REGULAR
CUST00894,Pushti Murty,pushti.murty894@example.com,2025-09-02,PREMIUM
CUST00895,Yug Malhotra,yug.malhotra895@example.com,2025-10-06,VIP
CUST00896,Yuvraj Mane,yuvraj.mane896@example.com,2025-06-01,PREMIUM
CUST00897,Charvi Jha,charvi.jha897@example.com,2026-01-28,REGULAR
CUST00898,Manya Merchant,manya.merchant898@example.com,2026-01-17,REGULAR
CUST00899,Wriddhish Talwar,wriddhish.talwar899@example.com,2026-01-15,REGULAR
CUST00900,Isaiah Khosla,isaiah.khosla900@example.com,2025-06-21,REGULAR
CUST00901,Ekavir Wable,ekavir.wable901@example.com,2026-02-22,REGULAR
CUST00902,Jalsa Nadig,jalsa.nadig902@example.com,2026-03-16,PREMIUM
CUST00903,Lila Salvi,lila.salvi903@example.com,2026-03-03,REGULAR
CUST00904,Orinder Sinha,orinder.sinha904@example.com,2025-07-28,PREMIUM
CUST00905,Anay Bir,anay.bir905@example.com,2025-10-12,REGULAR
CUST00906,Adweta Kale,adweta.kale906@example.com,2025-12-09,REGULAR
CUST00907,Darpan Rao,darpan.rao907@example.com,2025-03-21,PREMIUM
CUST00908,Yachana Sagar,yachana.sagar908@example.com,2025-07-12,REGULAR
CUST00909,Neelima Butala,neelima.butala909@example.com,2025-12-16,REGULAR
CUST00910,Arunima Chacko,arunima.chacko910@example.com,2025-03-09,REGULAR
CUST00911,Farhan Vaidya,farhan.vaidya911@example.com,2025-07-04,REGULAR
CUST00912,Nachiket Yadav,nachiket.yadav912@example.com,2026-06-20,REGULAR
CUST00913,Mahika Bhatti,mahika.bhatti913@example.com,2026-05-07,REGULAR
CUST00914,Rajeshri Khare,rajeshri.khare914@example.com,2025-06-10,PREMIUM
CUST00915,Yash Chadha,yash.chadha915@example.com,2026-03-19,REGULAR
CUST00916,Jack Setty,jack.setty916@example.com,2026-02-23,REGULAR
CUST00917,Dayamai Gill,dayamai.gill917@example.com,2025-08-16,REGULAR
CUST00918,Advik Devan,advik.devan918@example.com,2026-02-04,VIP
CUST00919,Nihal Taneja,nihal.taneja919@example.com,2025-03-15,REGULAR
CUST00920,Zansi Lad,zansi.lad920@example.com,2025-11-16,PREMIUM
CUST00921,Kamya Date,kamya.date921@example.com,2026-05-25,REGULAR
CUST00922,Jacob Balan,jacob.balan922@example.com,2025-07-13,REGULAR
CUST00923,Pushti Magar,pushti.magar923@example.com,2025-07-12,PREMIUM
CUST00924,Adya Bose,adya.bose924@example.com,2026-01-16,REGULAR
CUST00925,Tamanna Vaidya,tamanna.vaidya925@example.com,2026-05-03,REGULAR
CUST00926,Christopher Tata,christopher.tata926@example.com,2026-05-08,PREMIUM
CUST00927,Jhalak Dugar,jhalak.dugar927@example.com,2025-11-09,REGULAR
CUST00928,Harshil D’Alia,harshil.d’alia928@example.com,2025-10-14,REGULAR
CUST00929,Yashodhara Agate,yashodhara.agate929@example.com,2026-03-29,REGULAR
CUST00930,Advik Konda,advik.konda930@example.com,2025-03-14,PREMIUM
CUST00931,Urmi Patla,urmi.patla931@example.com,2026-05-31,REGULAR
CUST00932,Mason Gola,mason.gola932@example.com,2026-02-20,REGULAR
CUST00933,Oni Kapur,oni.kapur933@example.com,2025-06-14,REGULAR
CUST00934,Yuvraj Saha,yuvraj.saha934@example.com,2025-08-09,REGULAR
CUST00935,Anika Brahmbhatt,anika.brahmbhatt935@example.com,2026-03-16,PREMIUM
CUST00936,Jagdish Thakkar,jagdish.thakkar936@example.com,2026-06-15,PREMIUM
CUST00937,Praneel Kapoor,praneel.kapoor937@example.com,2026-05-02,PREMIUM
CUST00938,Nandini Biswas,nandini.biswas938@example.com,2025-04-07,PREMIUM
CUST00939,Barkha Mukhopadhyay,barkha.mukhopadhyay939@example.com,2025-12-21,REGULAR
CUST00940,Gabriel Shan,gabriel.shan940@example.com,2025-06-07,VIP
CUST00941,Jyoti Iyer,jyoti.iyer941@example.com,2026-05-20,REGULAR
CUST00942,Daksha Kibe,daksha.kibe942@example.com,2025-08-01,REGULAR
CUST00943,Jyoti Tak,jyoti.tak943@example.com,2025-03-06,REGULAR
CUST00944,Yatan Dora,yatan.dora944@example.com,2025-05-09,REGULAR
CUST00945,Nimrat Bajwa,nimrat.bajwa945@example.com,2026-06-28,PREMIUM
CUST00946,Hiral Andra,hiral.andra946@example.com,2025-03-12,PREMIUM
CUST00947,Aarav Puri,@gmail.com,2025-03-02,REGULAR
CUST00948,Hemang Jha,hemang.jha948@example.com,2026-06-13,REGULAR
CUST00949,Oni Swamy,oni.swamygmail.com,2025-04-04,VIP
CUST00950,Lucky Mammen,lucky.mammen950@example.com,2025-04-13,REGULAR
CUST00951,Caleb Kata,caleb.kata951@example.com,2025-03-11,PREMIUM
CUST00952,Kashish Shanker,kashish.shanker952@example.com,2025-09-01,REGULAR
CUST00953,Girish Tiwari,girish.tiwari953@example.com,2025-10-25,PREMIUM
CUST00954,Meera Borde,meera.borde954@example.com,2025-04-14,REGULAR
CUST00955,Radhika De,radhika.de955@example.com,2025-02-23,REGULAR
CUST00956,Bishakha Lal,bishakha.lal@,2025-12-08,REGULAR
CUST00957,Maya Narain,maya.narain957@example.com,2025-04-28,PREMIUM
CUST00958,Sneha Magar,sneha.magar958@example.com,2025-12-10,PREMIUM
CUST00959,Falan Jain,falan.jain959@example.com,2025-03-20,REGULAR
CUST00960,Ikbal Dugal,ikbal.dugal960@example.com,2025-10-26,REGULAR
CUST00961,Nitesh Sengupta,nitesh.sengupta961@example.com,2025-04-19,REGULAR
CUST00962,Dipta Ray,dipta.ray962@example.com,2025-07-12,REGULAR
CUST00963,Ishita Johal,ishita.johal963@example.com,2026-04-17,REGULAR
CUST00964,Darika Sheth,darika.sheth964@example.com,2025-01-21,PREMIUM
CUST00965,Jagdish Chana,jagdish.chana965@example.com,2025-08-23,REGULAR
CUST00966,Daksha Baria,daksha.baria966@example.com,2025-05-27,PREMIUM
CUST00967,Falak Divan,falak.divan967@example.com,2025-02-12,PREMIUM
CUST00968,Yuvraj Parekh,yuvraj.parekh968@example.com,2025-07-05,REGULAR
CUST00969,Yochana Bawa,yochana.bawa969@example.com,2026-01-24,REGULAR
CUST00970,Abha Ghosh,abha.ghosh970@example.com,2025-01-10,VIP
CUST00971,Nidhi Sethi,nidhi.sethi971@example.com,2025-04-13,REGULAR
CUST00972,Girindra Shere,girindra.shere972@example.com,2025-11-23,REGULAR
CUST00973,Logan Dara,logan.dara973@example.com,2026-01-01,VIP
CUST00974,David Kapadia,david.kapadia974@example.com,2025-01-13,REGULAR
CUST00975,Rudra Rattan,rudra.rattan@,2025-01-31,PREMIUM
CUST00976,Frado Lad,frado.lad976@example.com,2025-11-06,REGULAR
CUST00977,Anthony Bhattacharyya,anthony.bhattacharyya977@example.com,2026-01-25,PREMIUM
CUST00978,Sachi Dave,sachi.dave978@example.com,2025-11-09,REGULAR
CUST00979,Garima Das,garima.das979@example.com,2026-04-24,REGULAR
CUST00980,Triya Bedi,triya.bedi980@example.com,2025-03-03,REGULAR
CUST00981,Rachita Rana,rachita.rana981@example.com,2025-05-01,REGULAR
CUST00982,Ayushman Raja,ayushman.raja982@example.com,2026-05-08,PREMIUM
CUST00983,Orinder Pandya,orinder.pandya983@example.com,2026-05-15,REGULAR
CUST00984,Rachit Maharaj,rachit.maharaj984@example.com,2025-07-05,REGULAR
CUST00985,Sanaya Dixit,sanaya.dixit985@example.com,2025-12-04,REGULAR
CUST00986,Yatan Merchant,yatan.merchant986@example.com,2025-02-12,REGULAR
CUST00987,Nisha Srinivas,nisha.srinivas987@example.com,2025-05-17,REGULAR
CUST00988,Gagan Mammen,gagan.mammen988@example.com,2026-06-29,REGULAR
CUST00989,Laksh Saini,laksh.saini989@example.com,2025-09-27,REGULAR
CUST00990,Zaid Bahl,zaid.bahl990@example.com,2025-07-21,REGULAR
CUST00991,Jagrati Srinivasan,jagrati.srinivasan991@example.com,2025-07-28,PREMIUM
CUST00992,Hemangini Thakkar,hemangini.thakkar992@example.com,2025-01-23,REGULAR
CUST00993,Lipika Madan,lipika.madan993@example.com,2026-02-11,REGULAR
CUST00994,Atharv Nagar,atharv.nagar994@example.com,2026-03-24,REGULAR
CUST00995,Ayushman Mand,ayushman.mand995@example.com,2026-02-01,REGULAR
CUST00996,Urmi Wagle,urmi.wagle996@example.com,2026-03-17,REGULAR
CUST00997,Viraj Dutta,viraj.dutta997@example.com,2025-03-21,PREMIUM
CUST00998,Yug Khosla,yug.khosla998@example.com,2025-03-31,REGULAR
CUST00999,Daksh Kanda,daksh.kanda999@example.com,2025-02-04,PREMIUM
CUST01000,Isha Ghose,isha.ghose,2026-01-02,REGULAR
CUST00522,Sachi Bose,sachi.bose522@example.com,2025-03-28,PREMIUM
CUST00738,Ladli Purohit,ladli.purohit738@example.com,2026-06-07,PREMIUM
CUST00741,Garima Chandran,garima.chandran741@example.com,2026-04-05,PREMIUM
CUST00661,Dalbir Shere,dalbir.shere661@example.com,2025-09-26,VIP
CUST00412,Omisha Mann,omisha.mann412@example.com,2026-03-25,REGULAR
CUST00679,Wridesh Jhaveri,wridesh.jhaveri679@example.com,2025-08-13,PREMIUM
CUST00627,Parth Sahni,parth.sahni627@example.com,2025-04-23,REGULAR
CUST00514,Brijesh Pandit,brijesh.pandit514@example.com,2025-04-24,REGULAR
CUST00860,Lucky Luthra,lucky.luthra860@example.com,2026-02-07,REGULAR
CUST00137,Daksha Mangat,daksha.mangat137@example.com,2025-07-17,REGULAR
